{
  "id": "cfaa08e0-f73c-446f-8da5-77a91c9d4262",
  "name": "General-levels",
  "isOverridable": true,
  "entries": [
    {
      "value": "zero",
      "synonyms": [
        "zero",
        "no",
        "nothing"
      ]
    },
    {
      "value": "beginner",
      "synonyms": [
        "beginner"
      ]
    },
    {
      "value": "intermediate",
      "synonyms": [
        "intermediate"
      ]
    },
    {
      "value": "advanced",
      "synonyms": [
        "advanced"
      ]
    }
  ],
  "isEnum": false,
  "automatedExpansion": true
}