{
  "id": "737d0271-0d29-4412-aeb7-bd7be8a7d0cd",
  "name": "job-vacancy",
  "isOverridable": true,
  "entries": [
    {
      "value": "Accountant",
      "synonyms": [
        "Accountant",
        "Bookkeeper"
      ]
    },
    {
      "value": "Shop Assistant",
      "synonyms": [
        "Shop Assistant",
        "Sales",
        "Sales person",
        "Sales rep",
        "Sales representative",
        "Shop boy",
        "Shop girl"
      ]
    }
  ],
  "isEnum": false,
  "automatedExpansion": false
}